year,"Cataract surgery	","Pacemaker procedures	","Excision of lesion of breast	",total,mean
2021,321,906,945,2172,724
2020,265,872,698,1835,611.6666667
2019,416,972,1114,2502,834
2018,457,961,1039,2457,819
2017,508,942,961,2411,803.6666667
2016,545,915,879,2339,779.6666667
2015,500,837,889,2226,742
2014,516,851,883,2250,750
